,seller,money
1172,f1b4a51172,100000390
980,ca492f913f,15450623
169,1e0f977b89,182563
625,82492037c6,116220
248,2cc262d8e0,82560
41,06b8d7df42,38786
1008,d10a9075db,31448
748,9dbb23bc56,25964
624,82466b59a4,24846
938,c02b16acb1,22507
619,810eb858ad,19070
1057,db0c1adda1,17932
1212,fa546b7f58,14950
601,7c1ca8ce36,13463
137,17fd5d25cb,11527
973,c8e9684fff,11371
581,7824adf783,10398
1037,d63f1ead78,10349
420,4f7e893f18,9775
875,b392065f1e,8924
136,17ca2c9f8c,8895
315,3970e2560a,8895
13,0238ba8732,8872
587,79242f25bb,8040
527,6cf3f6bd0a,7981
752,9e02539b66,7648
1088,e1ca55b720,7132
583,786c7a15fe,6967
423,50963d8c4c,6918
397,4b1ca3a6e9,6625
570,75ea46a489,6568
836,ac9672c4d4,6530
364,42a4b07ec3,6391
132,174bbc9a3c,6359
818,a9f6798f8a,6329
89,10334fc649,6237
1106,e62cd0afa0,6136
485,60ec7f7672,6084
1126,e9c9c92b45,5716
735,9a2e6bef5c,5647
974,c8ff1c422c,5590
1175,f24672929d,5459
632,8430a9c4ec,5346
1022,d357254a10,5291
268,3005a57498,5185
932,bee853c4b4,4900
780,a40f85388e,4805
653,8b54c215a6,4464
130,1718351d28,4394
593,7a19a7aefc,4050
1234,febac39953,4014
806,a8356ad59b,3949
181,200ace457e,3851
892,b65fe7544f,3837
665,8e0e0fdcf0,3672
348,4083af0230,3657
1023,d3e2a0e41d,3592
584,78751100e9,3530
496,65278e77c0,3513
678,8f7e1f6466,3497
1035,d5d76cd189,3333
707,9513e5b184,3331
721,97b963bf89,3329
834,ac7a48fbb8,3328
407,4d0cc14e15,3265
835,ac82a75dd6,3057
558,73702baaf8,3045
393,4aa070036d,3024
1133,ea69bf6d69,3016
182,201ccbf97f,3005
232,2a11cb58c2,2934
416,4ede778164,2849
1161,ef1de7aacc,2848
135,17c7cc33c1,2840
345,3f77567e57,2834
842,ad83331ee0,2740
387,491fecfff1,2737
524,6c78e014c4,2669
378,46613f1400,2640
451,587acad776,2637
241,2b0b7fe34d,2614
230,2a0b308dc1,2548
146,18e28b4ec3,2548
971,c8d4ac2dee,2520
90,10c4f89ef7,2514
964,c6f8079ed2,2498
235,2a776cb339,2484
209,26228e66e8,2483
790,a54cd7dce9,2467
591,79b55dbf33,2456
313,38f2991c2f,2440
1224,fd065ea99a,2413
533,6e0f242ec4,2411
507,685ade1418,2376
525,6c861ab0e2,2372
121,1564da3599,2361
101,125fdac028,2331
1105,e5e9c21007,2327
764,a0b738f841,2303
1190,f5efbc0c0a,2261
54,085fced0c2,2254
78,0d8550d7cf,2184
100,125e5a7698,2149
258,2ec42a461e,2135
1199,f74fa5e94b,2056
1232,fe7f4de5e9,2055
540,6fbb5e82be,2042
1226,fd53026c31,1987
45,06f300c27a,1971
58,08a6d3a0e4,1945
354,410cc46128,1904
453,58ba14e378,1886
1180,f2fd00d797,1854
1074,df48239baa,1851
699,937b2ee27f,1849
643,88c806953f,1846
722,97ec97532e,1826
116,14fd3eaa8b,1819
781,a417559797,1816
897,b71908ecc3,1805
623,8227e92497,1802
1200,f758f27e4c,1797
1016,d27c507ce7,1792
465,5b63424c90,1783
610,7e96236b9f,1780
140,1859cc4d9e,1776
1140,eb5c8ec175,1772
198,244342e41d,1771
928,bea42eeb14,1768
440,53278bfddc,1751
1158,eeabb2a412,1738
98,11f3675680,1730
1165,ef775b9243,1724
0,001db1aca5,1713
1011,d1641a4dc2,1705
948,c2956cac29,1699
779,a3ffad93e2,1686
845,ae5b2b08d8,1672
862,b16d39a9c7,1663
411,4da7a60a6b,1649
399,4b3b9dc9eb,1642
200,24d1bb2536,1640
738,9ab4c43602,1613
245,2c3a656a74,1611
723,981a01edf6,1595
11,01c55b345c,1584
70,0bf76d42db,1577
186,20f36f7f30,1570
598,7ba5229777,1544
484,5fe29690da,1538
497,652c821877,1533
439,52e3a14207,1533
1145,ec86fcb76d,1530
814,a967443370,1486
800,a703e310f6,1482
1237,fefec53404,1463
67,0b1f297ef3,1443
346,400e9078ac,1411
308,386fdc43ec,1398
1094,e42756744f,1373
689,9192f41bc8,1369
442,538fde2015,1337
394,4ab0684af4,1323
1215,fb30570018,1318
1118,e87735dd65,1302
1202,f788b16a8f,1297
824,aa826a1d5c,1297
937,c01664a83c,1295
777,a3d190e2b3,1286
828,abc52c6233,1286
1201,f75e118d11,1264
1134,ea8c2ab8a8,1236
604,7ce0be1b71,1230
717,97154430fc,1223
976,c92c8aec26,1216
784,a449f9207e,1216
1,006fc2dbdd,1214
772,a2daf63c88,1197
1020,d31ccd0572,1187
259,2eedd86a05,1181
992,cdd983821a,1177
838,ad265994fe,1175
819,aa1a2281de,1168
118,15163b593d,1167
1168,f043428a41,1163
1085,e17d9658e7,1162
396,4b04f8649e,1161
1058,dc3783b950,1160
314,38f601b717,1144
1143,ebf020b0e9,1138
1229,fe0471b5ac,1124
309,389aac041c,1103
944,c14f03ec43,1094
1203,f78fb43205,1086
1075,df9f7f3617,1068
443,5590241a4a,1061
1186,f4c289cf1c,1058
1194,f6ac684a80,1052
125,1693bc30b6,1050
91,10dafd5ff5,1047
560,74636400a9,1023
783,a4456b7e41,1023
731,99ab87a0c5,999
573,7668115a37,993
553,72ae572577,993
939,c058f1dea7,980
1125,e9b25dcf63,979
545,70a020f577,976
766,a127443186,974
164,1d246c3d73,959
1056,dab3b54089,958
1164,ef73200a95,952
655,8b895ac985,944
1206,f7f1ee7208,940
639,878e9b2d14,936
1233,feaae2c57b,921
891,b63d90fdfd,916
1063,dd4acbbbc5,900
886,b57d8d9b22,897
673,8ea737f58e,895
340,3eb623d99b,873
904,b970023e25,873
1113,e787631ba9,871
609,7e71b77da6,867
124,1684621cb6,863
322,3aeae37b97,856
829,abd76eea88,846
837,ad02455791,843
568,75d0f4eee3,838
1086,e18266fdb3,834
760,9ff14b2d76,827
656,8c0aa41eef,826
17,02bdc7d6fa,822
649,8a3fe80dac,817
18,02d4b6aee8,814
774,a307b71525,812
214,27ae29606d,802
180,1fdf4bee16,800
343,3f1d163181,789
962,c619551884,784
236,2a8f64cc3a,784
386,48b5a11a4d,783
438,52d45819ee,778
530,6d5688a28e,775
865,b1c1bf9203,775
1155,ee6b086c25,775
1198,f71c805470,767
184,204e3fcf7c,753
900,b82db24b23,752
1044,d782f9e09f,747
250,2d13e9120b,746
857,b0ab5d16e2,744
534,6e356b4d04,739
474,5cf403b5a2,739
106,133b7bf8a4,729
154,1b18dc63e7,717
93,10f5d12d72,717
720,97b319cfce,714
495,64f604e392,713
1077,dfc5c5974b,713
691,927c5bfe00,710
1015,d278496cb4,710
173,1ee4b9ab3a,709
33,05e6148c08,708
854,affa1d031c,708
1033,d5977db029,706
355,4132935e2c,704
693,928733225a,699
202,254661315e,686
557,735594e865,681
328,3c4ed0bd37,680
82,0e3a99c174,679
679,8fa635d335,668
254,2e39c49f95,665
797,a65f4b4f73,660
61,099f573fa5,659
28,0495d30222,654
930,bec3a37f6d,653
1093,e396c751c4,653
238,2af0556ad4,651
1137,eb26d39c21,649
1218,fbf03543bf,649
1049,d909b0de7c,646
405,4c8433f119,645
1122,e91d1db3e1,645
1084,e14bac5f66,643
648,8a2fe96adf,637
300,35d9c571e1,632
1102,e55bb039e4,610
310,38a27ad786,607
692,9283998c88,607
576,7703766971,601
615,7f9d834113,596
684,904d42a17d,594
652,8b1346a372,591
663,8d99548ee7,588
390,4a71536b20,587
1195,f6cea9c684,586
333,3d14f7e8bc,583
478,5e6462e326,582
373,4586127991,582
640,888080eaf4,581
694,929d6476a4,579
564,7544e70c1d,571
280,32505c0563,568
885,b546027434,567
148,1a4a21cc0a,565
77,0d0eb04777,564
193,22c9a22fd0,560
224,28ef4a7a93,558
476,5da90e2e67,551
212,26ae020f51,550
119,1540fcff71,544
344,3f51fa663f,543
1169,f071c3e551,543
535,6e5862b761,541
732,99e6b7a499,539
968,c788964150,537
972,c8d5c9d2a4,536
1004,d06195fbc4,532
757,9f55f57827,529
782,a444e4f921,527
550,72422e9f56,523
529,6d4653d87f,522
480,5eda5e1e3b,521
429,51aade4728,514
1024,d44989c54f,514
926,be4f8d327c,510
513,6a64873967,509
431,51c37f00f6,508
1181,f30b4cb89d,504
566,7595f90158,497
1101,e537f2fb5f,497
1183,f3ab9c7fb2,494
873,b2b2eb23c7,490
687,914c7b60c8,488
263,2fab378716,486
880,b47ba155f5,485
506,683f98168f,483
1117,e837a0f57e,483
400,4b56dfdd1d,476
356,41c4b09425,471
528,6d1a2cc55d,470
1081,e08d80fdf7,470
850,af8dce6b81,468
1116,e82e294c31,467
1098,e505b764f9,466
991,cdc277fbfd,466
1017,d2ca1a9c43,465
122,15e3fae6ba,462
733,99f3f29fa6,460
1173,f208cfbf6d,457
670,8e65664d8d,455
320,3aade829ee,453
318,39af6635bf,450
537,6ea84db11a,449
326,3b4a4dd834,445
19,02e1164d51,444
477,5dbb7a68f3,444
1162,ef25285c70,443
1216,fbc406efec,443
73,0c55707667,442
281,3254066b79,439
658,8c6d7e4797,434
518,6b46a61213,433
614,7f9875136b,431
953,c33e3ad79f,428
292,34bc8c80f9,428
809,a885b37384,427
1006,d0db644713,426
110,13ff1086a2,425
830,abf667574b,423
792,a5653319ee,423
99,124251132d,423
697,92d1fc24c3,421
302,368fac5fe0,420
595,7b33baec29,420
454,58c74d3bc9,420
878,b3e0ce955d,419
239,2af2f3664d,417
645,8983d1a259,416
768,a19348fcd5,412
412,4dcbd1da4a,409
1072,defdfd5855,407
147,197190bd80,406
749,9dddfb1eca,405
1005,d0975482ac,404
1197,f719a7b87c,403
432,51c5c08bf1,402
934,bf41c942c4,400
107,136b9872b6,400
903,b95f926717,399
1089,e255dd6b22,398
188,214d649f8a,398
398,4b301c7f86,396
881,b49cdf34d0,394
997,cfc234c252,390
475,5d620ecf48,390
171,1e54d435b0,389
1121,e8d8f1e71b,389
582,78362dd3fa,389
990,cd83f9c972,388
826,ab162eb9a2,388
269,302ba9f15d,386
543,7079639d37,381
278,320a166278,380
950,c2d6aa33a1,379
1002,d009c69c12,378
1069,de5ea11608,378
1236,feeec95ae4,378
129,16f6799cd4,376
414,4e516b9f3f,376
294,354923e891,375
1099,e50bdd23ed,374
388,4995dcf0eb,371
778,a3d24dcac4,371
271,30c2ad3e7b,369
151,1aa7fd5fc0,366
711,9569b3503e,366
335,3d3ca2f7ae,365
864,b19ad045c2,363
64,0a14e5bf46,363
143,1884129708,362
30,04ed0e0533,360
1012,d1b49b7672,360
337,3d9c8ec96c,360
297,358593694f,357
1076,dfaed0d0ca,354
1040,d71e0e84c8,354
109,13eb4fdaba,352
677,8f78449e96,350
1127,e9f29ef403,349
240,2b00ec96cd,347
492,63efd3580d,346
229,29ec6a27de,344
849,af8bc8da2b,343
856,b0a8fd2a6e,338
253,2dc8acf671,337
869,b23864557e,337
479,5e9fc695e1,332
726,98556f6686,332
565,7549b7efa4,330
1109,e68195c6e3,329
1007,d0fb902a37,329
729,9997af2733,327
365,42aee85dba,327
569,75d9c15b0c,323
883,b4cc7240aa,323
4,00ee5d98dc,320
547,7169ca758d,320
97,11a0d80d2b,317
1070,de6baff893,317
585,78f6316a41,315
633,84935397f2,315
922,bd2ef602fd,315
810,a8a8aced0d,312
291,34bae52d8b,312
1185,f481dd3246,309
185,209a0f30fd,309
746,9ca37161be,308
1073,df1a721758,307
425,512514f66c,306
702,945fbdaa6b,306
382,47333c08c3,305
120,155ef53448,304
349,40a4698a8f,302
57,0899334365,301
445,5601fa2190,299
266,2ff966fbc7,298
612,7ed24e2ce4,298
211,2692d5c2a6,298
542,7070d9193a,297
606,7d47dbb46f,295
526,6ccc8d774f,289
277,32064d7997,288
816,a9ac4fd24a,287
813,a9673bd0ad,286
1159,eecdf128c9,286
794,a5c712d646,286
913,badf5fc7d7,284
223,28cd4596e0,284
362,426e26eb14,284
1231,fe79970e4c,281
149,1a89c167b3,281
1191,f5f4423242,280
415,4e848ffdb0,280
536,6e9b7b5f90,279
1065,dd9c4c5ecf,279
1083,e149e6ea20,278
765,a0d627f582,278
203,2550aaf15d,274
920,bc5c5de8dd,270
306,37f0712f6e,269
279,323eebbb41,269
793,a59e8cf63a,269
341,3ec9d7f686,268
1025,d462f5990a,268
391,4a92c41e9f,267
635,852268d894,267
1219,fc723aec6e,267
993,ce3f9b83bb,267
179,1fb9d616a4,266
876,b3a1b04483,266
295,355abe4220,265
516,6afa285a9b,265
201,24d41d98b3,263
503,670c6816b2,262
284,32bfccb013,262
675,8f082b8269,262
1138,eb38aca774,261
561,74e0213e3a,260
549,7225e9f652,259
975,c928d5e0a1,259
1082,e12e9b2dc8,258
437,52ccf8ff76,257
603,7cce5e25a3,257
546,710c1349e7,257
1235,feddcda332,256
80,0ddf349f7a,256
1135,eac444cc90,255
66,0aea55828c,253
706,950968f5c6,253
257,2ebb97e938,253
29,04d77dcca7,253
734,9a1c33b1a6,253
37,066a4c5494,253
1038,d667af1c79,251
126,16a14a77e2,246
262,2f7c1b3120,246
572,764caaea5f,246
403,4bc38d9ba6,245
339,3ea39b3415,243
808,a85dba8599,242
879,b46450f74f,241
915,bb9f35a266,241
597,7b5628a0b8,241
919,bc31cf935e,239
1054,daa0c31aea,238
966,c7430a5d25,238
22,0336ae6670,238
580,77d72ade1e,237
676,8f335096c5,235
927,bea1cdb92c,234
855,b046d3d470,233
195,2376329055,233
145,18c19ed52a,233
555,72ec220698,233
1207,f836a59d08,231
102,12802d660c,230
743,9b2355f29d,229
1066,de092ac419,226
55,0870c02e47,226
839,ad378cb8ba,224
988,cc27ba5c7c,224
205,257811fa30,224
85,0ecfa4e6c3,224
406,4cf76f98b7,223
170,1e2d36c396,223
548,71c12bf344,221
16,02ae7a14d0,220
751,9de45779c5,218
641,88c4891b15,218
626,824c05b733,217
204,255464048f,214
347,4013d7c43a,214
511,69e758fcbf,213
20,032fab092b,212
1110,e6c92b58e7,212
65,0a3c910828,211
43,06cb4b3972,211
134,17ad4cfc2e,211
392,4a96cfef82,209
1019,d30cf2efda,208
1028,d4e1ef4805,208
379,46808081b4,207
196,23aee506c6,207
447,56eb5b08ac,206
1046,d83d79bade,205
589,798c4d3ee8,203
1228,fdf614dcba,202
305,377876332f,201
409,4d417c7c85,201
918,bbfb8b61e9,200
312,38af84ce42,198
661,8d105d7ffa,196
761,9ff44e7923,194
1196,f6f59a9036,193
381,46b20ca1e1,193
1003,d05836eba7,192
979,c9cbaecb6b,192
39,0680ca10f2,192
509,69cdfec639,191
1163,ef51886589,190
906,b99fd0d5e0,188
285,3397084be9,187
650,8a847fe23d,184
1184,f476151e76,184
79,0daa4711e7,182
369,44bad4b69d,182
1123,e9272347cf,182
208,25f5a28840,182
352,40e4ea52fd,182
1188,f4f04933ec,181
1031,d57ef8fc43,181
1182,f366b5d40f,181
515,6adb7f9125,178
611,7ecbb59b66,176
222,28c8b9b3c4,175
955,c45ba12ef3,174
25,0437b92ad0,172
457,59da94c3b9,172
47,07a42e102a,170
1150,edb3fa21b1,169
342,3f11299785,169
1187,f4eedfec59,168
921,bd1affe2a5,168
1132,ea6949b9e5,168
486,612ff6c3a4,165
1193,f68f4d4afe,165
128,16ccedb0b7,165
1108,e6493e968a,164
741,9aee05e623,164
5,00ee755a79,163
887,b59877fe96,163
776,a3af519fd0,163
458,5a577a6b53,163
325,3b1f9ac47c,161
851,af939991ef,160
264,2fb4d2dde4,160
1149,ed4078a05a,159
499,6550731099,158
455,58f09c6492,158
501,65d98a6525,157
1097,e4d2f453a3,155
786,a4bbf96dc9,155
260,2f68f67895,155
1146,ec8a75b5f7,154
552,728b7c03b9,153
156,1b42ecf538,152
178,1fa8b36059,152
888,b5a1df299c,152
745,9c66a4a324,151
1001,d000b01a82,150
715,9668d667f3,150
44,06e0a2f9fc,150
1166,f00fddae02,149
152,1afe134340,149
866,b1d3bbd2db,149
600,7bd2c8c36e,148
744,9c1b08a13d,148
969,c83a2069a2,148
627,826870a05a,147
464,5b59a517f3,146
225,28f64a7e66,146
898,b7ebe1d982,145
487,621e7befa3,144
231,2a0c64654e,144
844,adca391c84,143
592,79d26b0e71,143
461,5ad1cd23f1,143
1060,dca0786ade,142
1080,e02c8ed300,140
350,40ab0cedb7,138
155,1b2751e94d,138
634,8502a54531,138
21,033317a88d,137
586,791d3e4dbf,136
112,149be744fc,136
221,28b280f8ca,136
1141,eb863d5060,135
210,267b29b4fe,134
353,40fcab33bb,134
161,1c8b5c2554,134
123,1672f32e9d,133
868,b1f85b11d4,133
925,be19364a8a,133
1114,e791ba2cb4,132
430,51b9fb3e93,131
531,6dc1d3903c,130
705,9505eb81c0,130
307,3807982095,129
34,05ea76bd24,129
981,ca57a6c895,129
219,28724a316d,128
1151,edc6a03ff6,126
1062,dd111440ff,126
750,9ddf315ef5,125
1129,ea12482ee6,125
1096,e43eff06f3,124
244,2bb467dbd0,123
446,563b960e5d,121
812,a8ddc46fde,121
319,3a23894e03,121
301,367341abd1,121
482,5f451752d9,119
756,9ee51e4b1f,119
450,57df02ce28,119
1104,e5d6426390,117
371,44d3757f45,117
622,82138a63d1,116
1090,e2cfe945ab,116
435,52361e5307,115
199,247adf9be8,114
1029,d4f1cc91c8,110
1000,cffb2d0380,110
680,8fb4ae9120,110
227,29a728d8e2,110
1050,da3c67c7d0,109
608,7e50b48282,109
1227,fd67735872,109
187,20fa279836,109
1107,e64266160d,109
795,a62f5b629d,108
52,0814104f39,108
989,cc5ee32056,108
1238,fffceb6467,108
667,8e4936dc04,108
81,0de95ce201,107
863,b18256add3,105
669,8e5bda67c0,105
191,21cee9ea0e,105
1048,d8df2c4f47,105
755,9edf857d89,105
840,ad48f2ac6c,104
827,ab45fe4247,104
724,982b24fd21,104
15,02a0935ed5,103
908,b9bfadba30,103
559,744d15b77d,103
867,b1e334d19c,102
936,bfad15c1f0,101
574,7683f8e572,101
916,bbaac12992,101
1124,e98dd9785c,100
541,6ff3d4416b,99
401,4b7d847844,99
330,3cdb9e68d5,98
24,03df274f71,97
1115,e793afab08,97
815,a99462f5fe,97
647,8a03c8e47c,97
1036,d5ef8e08ae,96
935,bf9bd17d5b,96
843,adba68e949,95
174,1f232567fe,95
372,4565d22eea,95
286,33a6385207,95
1041,d72fef8509,95
946,c1c9d890b7,94
822,aa75aaec18,94
1067,de181326ad,93
1010,d138ca03f3,93
50,07da6eaf93,91
588,795d6d3b1f,91
999,cff1ee3f20,91
520,6b86f689a2,91
853,aff60ef807,90
1128,ea022ea9c6,90
1171,f0ad5c39a1,89
914,bb1b095cba,89
823,aa7b5ff0af,89
861,b15f516454,89
579,777039aafe,87
985,cb8cd096db,87
218,28665c1c3f,86
943,c14a6eb647,86
215,27bc111db3,86
334,3d1e0fc3d4,86
1205,f7e45ebb69,86
207,25c3b98e5c,85
912,bad2e13c89,85
728,98a735f68b,85
521,6baccd712b,85
500,65ca3a97fd,84
206,25b66b3c4a,84
1152,ee0fad56d8,82
76,0cfc0a3fd2,81
104,1301a1aeb1,81
858,b0e2b197c0,81
283,32beae4e33,80
460,5aca06a7a2,79
775,a32e1edeeb,79
153,1b0ea07fc5,78
804,a793317a1a,78
672,8e9d6ddd5a,77
539,6f27cdfa37,76
8,01611b6cf9,76
243,2ba0075263,76
874,b2e5c7ccf3,75
96,119881f5a0,75
664,8da31bb964,75
646,89d2ec6f0b,74
616,7fe32146bd,74
436,526096552d,74
127,16c4d6edc8,74
351,40b508dd74,74
859,b110a93fd6,73
512,6a331d36c0,73
727,9865a3cd86,72
933,bf2b2136e1,72
419,4f6656754f,71
48,07c99e8baa,71
27,04922cdc72,71
802,a758b5b2d5,71
683,90341a8ea5,71
327,3bbbe024f0,70
94,1144e12c90,70
49,07d518eda9,70
987,cbc0e8903a,70
1179,f2d2835120,69
273,310b0157b4,69
150,1a97fdd369,68
1174,f20b5749bc,68
424,50c186eabc,68
449,577fd35fe1,67
638,8684ecc834,67
1139,eb462c9a82,67
959,c5cd0357ed,66
298,3597b3e5e9,66
69,0ba6ea57de,65
311,38ae037b78,65
607,7de4280673,65
490,63cd8fc58f,64
753,9e50e604d7,64
890,b5dac2f7a3,64
846,ae745a8216,63
12,01f22e3cd9,63
467,5ba58cb96c,63
217,2842244f6a,62
303,36cd42c9e1,62
6,0138110713,62
115,14e0038b32,62
1027,d4dc694e0f,62
265,2fbec7c7cf,62
605,7d08af7758,61
960,c5f0c4a61d,61
491,63d815fcb7,60
323,3b13406997,60
1034,d5ab246b8a,60
798,a6b498072f,60
628,829b6c2f4d,60
216,283684239a,59
68,0b59c3f1ef,59
1013,d1c163557c,59
1220,fc88881ecf,58
563,74f0e9af36,58
402,4ba40bb91c,58
1095,e434cf9ec4,58
1157,ee9bd24577,57
996,cf79c544aa,57
1167,f03eb227cd,57
994,cec355ad0b,57
1225,fd49981ebd,57
941,c0aab40c3f,55
978,c9a8f534c9,55
700,942b271181,55
288,342c43fbb2,54
742,9aff552a67,54
712,959e95e53e,54
105,1337fe24b8,53
949,c2d1414cf4,53
1160,eef893272e,53
905,b993c8f205,52
108,138b3e33ff,52
363,429a3f8ce0,52
138,18397b265b,52
87,0f5829fd0a,52
1204,f79e1c14c2,51
872,b283afef99,51
1189,f58d9b4324,50
293,350d665d54,50
613,7efcd9097a,50
882,b4aa7cfa87,50
785,a47e09509c,50
1092,e3734fd022,49
725,9832dbff17,49
1148,ec98230f7f,48
617,80085f5140,48
410,4d8226ae94,48
508,696c0f7a92,48
1211,fa3dcc2b01,47
771,a2788c49c0,47
945,c1b24273e0,47
26,046783ecaa,47
1210,f9cdb6cbc9,47
668,8e5a33b424,46
889,b5ca58ac17,46
799,a6e3d5394e,46
483,5f7e9cf9bb,45
1071,dec4da0de6,45
448,5758ba005d,45
251,2d20378616,45
1032,d57f5c1bf5,45
967,c779f22e43,44
958,c5796877b8,44
789,a50688bb88,44
331,3d09cf8f45,44
630,83a29db6b1,44
1144,ec13334f84,43
1111,e6c989a1cb,43
456,59052f57f1,43
740,9aeb1ab7d2,42
1078,dfdb5fc19c,42
841,ad5113ead1,42
1053,da94493e80,41
332,3d0c25abf3,41
375,45cc1627d9,40
473,5ccff26d26,39
896,b6ee4627a1,39
696,92b67f8b20,39
358,41ea1b28c5,39
1061,dcf4764d26,39
747,9db07dbf3e,39
820,aa253da733,38
299,3597e03e44,38
1230,fe4e987846,38
360,421266fa5a,38
762,a0034c9ef4,38
758,9f64016616,38
35,05fe655351,37
1042,d73408fa60,37
255,2e50cf6de1,37
686,90b9c6864b,37
901,b848d6169a,37
690,91fe8a8efc,37
1221,fc9ef36035,37
910,b9e994ade4,37
709,95536eae9c,36
83,0e5cc751a6,36
642,88c613653b,36
197,23fe6d73ea,36
469,5bc6bcf05a,36
434,5210d8bd78,35
710,9556fe4bb7,35
53,085ac701a5,35
368,44106a2d4b,35
1178,f29c858620,35
296,35643d5df9,35
871,b240fe7602,35
736,9a9e6607f1,35
1091,e2d0654090,35
1222,fd00152124,35
1059,dc53d6d55d,34
870,b23e098368,34
957,c49ad379f5,34
505,67cef09236,34
32,05d403fbd3,33
1142,eb942e487f,33
787,a4c0576558,33
1131,ea491d2436,32
594,7a347cb80a,32
504,6746e523e9,32
489,63ae43f6af,32
1018,d303e10bf4,31
713,9614dad748,31
947,c1f89482e9,31
821,aa6e8705fc,31
567,75b83be895,31
317,39a1094567,31
165,1d4847214e,31
519,6b488e9f91,30
1103,e5c84be8b7,30
384,48527fee68,30
877,b3e07445be,30
433,520ce85422,30
1045,d788c3024f,30
770,a1ed0d8403,29
596,7b4be7f179,29
321,3ad770f8c2,29
629,82da3ff669,28
46,07537298ee,28
144,189a08faeb,28
695,92a1f8070f,28
982,ca6a074552,27
637,866b9c3045,27
168,1e0809278b,27
63,09c17a5aea,27
370,44cd7aadd1,27
272,30d2634221,27
366,42ed32ba3f,26
324,3b1b4a952a,26
261,2f77cccf3e,26
961,c5f1d84aec,26
466,5b7167b3e8,26
417,4ede98adae,26
1051,da60883651,25
1130,ea3824dab4,25
2,00a9f4a864,25
275,316d330dff,25
1177,f29c4c0086,25
159,1c72176351,25
377,463ca20575,24
739,9ac0b63dc9,24
1055,daad0cf11f,24
1087,e1c0e1ac9d,24
688,9173f22653,24
769,a1cd8be218,24
249,2d006bc263,23
234,2a39c5b9d8,23
1208,f98595667a,23
1068,de307da691,23
924,bde01e1d12,23
817,a9dba2045c,23
160,1c8aca8e35,22
427,514c3d388e,22
468,5bbc78e328,22
60,0975cbab57,22
141,186ac037aa,22
951,c2f34eb8e3,22
657,8c36235603,22
42,06bc3fd56a,22
952,c31c54ade0,22
807,a8374ee09b,21
719,97311976f3,21
644,897040c80c,21
754,9e884b9e65,21
763,a02e11d645,21
408,4d242619fd,21
942,c0b95d1faf,21
493,644ba32cd3,21
488,62e930091d,21
1192,f6260fa9b3,21
970,c85b69b22f,21
917,bbc17227ae,21
481,5edc5e3763,21
1112,e70ce06e35,20
192,2287955f22,20
654,8b5fa302f8,20
56,08858d2bc3,20
36,065d0db7bf,20
463,5b30501054,19
38,06710a7eab,19
1176,f267a50d4a,19
708,9531cbd1d5,19
1043,d75d1717d9,19
95,1193a2062d,19
133,175de9f49b,18
31,058a55ba5c,18
226,299eed547c,18
172,1e84754b8b,18
575,76ff686d08,17
1064,dd4db26d29,17
831,ac1bf04ea8,17
74,0c854bc712,17
704,94b561c4fe,17
242,2b52a341f0,17
995,cf184b1c49,16
940,c078eb3585,16
220,288b9a9026,16
3,00d18e6a74,16
571,763099cfa2,16
290,34ac2930c4,16
289,3495c7ce93,16
618,809d39935e,16
983,cac623dcc6,16
954,c429b8ae68,15
554,72e5e8e16c,15
510,69e2d96226,15
10,01a216ce06,15
444,559c52de85,15
803,a78ecd02ab,15
1223,fd05ff9ced,15
1052,da626b17b0,15
7,013c9c29d8,15
517,6b0fddcde5,14
175,1f3fc77745,14
233,2a2f44143c,14
522,6bbd9a408f,14
357,41ce5a8ca6,14
532,6de30c9697,14
737,9aae41c526,14
894,b66af72b69,14
884,b502b8538f,14
805,a794e346e1,14
228,29c3725af0,14
162,1ca1311547,13
163,1cf7daaaf8,13
422,501adff727,13
730,999f75eb18,13
1136,eb1bd83e23,13
984,cb14de9cf4,13
276,31dd8e0b49,13
194,2356886363,13
562,74e7a1b01b,13
636,854db6856f,13
590,79a5a33dea,12
246,2c5bbffa62,12
907,b9aad9dc7e,12
523,6c579252b7,12
471,5c7400c2fd,12
577,773608dea6,12
662,8d7778c6f8,12
338,3e5e64952e,12
1119,e89c2a4605,12
367,4345ed6884,12
498,654130ab11,11
472,5c88611103,11
75,0cac274f46,10
759,9fef7e5bea,10
139,1858a6609b,10
470,5c432614a1,10
1100,e5236a289c,10
389,49ac05b9a9,10
660,8cd1d759f8,10
267,2ffd871ff6,10
190,21b3da609c,10
1030,d563c63f6d,10
113,14b0d7410c,9
88,0f5f29b412,9
718,972b5f3710,9
698,9332054d9c,9
183,20339f52ac,9
682,9022de4fcc,9
1079,e014bcc510,9
256,2e95c3c2dc,9
421,4fea6a71e9,9
462,5aeab3c635,9
773,a2f877581c,9
811,a8ae48ce8a,8
1009,d1295b4123,8
791,a54e510db3,8
166,1dee33575a,8
986,cbab352192,8
659,8c8237f8f6,8
158,1c4c78208e,7
270,303eb4d25d,7
977,c936940c86,7
385,48752c589e,7
681,8fc62928b5,7
685,90adf01f90,7
374,45aa7eeddd,7
23,0372b4e75d,7
413,4e48b69f71,6
40,06a39419c4,6
361,4243c16e69,6
514,6aa8f67890,6
1047,d878baa809,6
714,963ba101e8,6
701,943a910ead,6
1156,ee6d4d91e9,6
59,08c99cbc51,6
1170,f089fcec8f,5
1120,e8a0e7346d,5
788,a4db9d1920,5
428,51a2e800c5,5
621,81cd80bcd9,5
998,cff05a7f66,5
176,1f8ebe4704,5
848,af5d75d3f7,5
895,b68ca461ed,4
426,5140b09cb8,4
252,2d387d27fb,4
551,72883a42ac,4
703,94933869ea,4
111,14406e3111,4
287,340785e21d,4
847,aed1ef6c46,4
1213,fa6e565270,4
84,0ec2098a59,3
929,beb8741a81,3
452,589bf08b2b,3
599,7bab808eb6,3
767,a133a7a3f8,3
62,09bee1cc19,3
336,3d6112f5c5,3
359,41fdb38af1,3
380,4682356a96,3
117,1512dc3985,3
666,8e0fd78d27,3
247,2cb75d8a53,3
620,8197a9acdf,2
833,ac6a387eea,2
556,7313bd717c,2
1214,fa9319588e,2
9,01700ae4ca,2
418,4f06d96305,2
502,66d955d2af,2
911,ba2594ed5f,2
931,bee0668820,2
631,83e5e0ec3e,2
237,2a8f91ca54,2
956,c4887fca93,2
1153,ee3d6f9c05,2
131,172cb38c2a,1
1021,d33630c43c,1
167,1dfd491bbe,1
602,7c3860b272,1
544,708500399e,1
177,1f98228683,1
92,10e3bad1b3,1
157,1ba1a3de91,1
825,aaa0b8f298,1
1147,ec9178e35b,1
899,b81bd091d3,1
902,b8ae3cb98a,1
671,8e80a304d8,1
213,272004ba03,1
801,a721030ada,0
796,a6557752e2,0
51,07fb7b55ae,0
71,0c30d57605,0
674,8edf865745,0
832,ac607d528f,0
651,8adcf0c624,0
1209,f9bf5e4841,0
1217,fbe8a7297d,0
142,18719ef99a,0
274,311465d21b,0
72,0c3978fcaa,0
1014,d225dd4ee3,0
282,326a03418a,0
304,375abbb5f7,0
316,3974e8aca1,0
329,3c5330cecb,0
114,14c2383e24,0
376,45fa34e616,0
383,47fee66d89,0
1039,d7047ed511,0
395,4af56f705e,0
103,12a7f9647f,0
1026,d4d165ecab,0
1154,ee5535b00d,0
404,4bf9129c4a,0
14,0282804fec,0
852,afc0fa2bc6,0
441,53499da019,0
459,5a62a1f28a,0
965,c738d13181,0
963,c6ce7b95fe,0
494,64756d6bda,0
923,bd4cd06efe,0
909,b9d5d97fcd,0
893,b66501efd4,0
189,218843dec8,0
86,0f0ef77d0b,0
538,6ec9727069,0
860,b156073a95,0
578,7751cc61ec,0
716,96a47b267f,0
